{"cameraMode":{"drawMode":0,"name":"Shaded","section":"Shading Mode"},"sceneLighting":true,"audioPlay":false,"sceneViewState":{"m_AlwaysRefresh":false,"showFog":true,"showSkybox":true,"showFlares":true,"showImageEffects":true,"showParticleSystems":true,"showVisualEffectGraphs":true,"m_FxEnabled":true},"in2DMode":false,"pivot":{"x":-5.2003350257873539,"y":-0.32143837213516238,"z":4.739492416381836},"rotation":{"x":0.06128291040658951,"y":0.8901643753051758,"z":-0.12580502033233643,"w":0.43362319469451907},"size":6.826455593109131,"orthographic":true}