{"cameraMode":{"drawMode":0,"name":"Shaded","section":"Shading Mode"},"sceneLighting":false,"audioPlay":false,"sceneViewState":{"m_AlwaysRefresh":false,"showFog":true,"showSkybox":false,"showFlares":true,"showImageEffects":true,"showParticleSystems":true,"showVisualEffectGraphs":true,"m_FxEnabled":true},"in2DMode":false,"pivot":{"x":0.6677793264389038,"y":0.9266656637191773,"z":-0.8690996170043945},"rotation":{"x":0.05372634157538414,"y":0.41469109058380129,"z":-0.024536006152629854,"w":0.9080447554588318},"size":4.444831848144531,"orthographic":false}